video_name,sentence,path
actioncliptrain00429,a label of Eat,./data/hollywood2/test_clips/actioncliptrain00429.avi
actioncliptest00261,a label of Eat,./data/hollywood2/test_clips/actioncliptest00261.avi
actioncliptest00144,a label of Eat,./data/hollywood2/test_clips/actioncliptest00144.avi
actioncliptest00165,a label of Run,./data/hollywood2/test_clips/actioncliptest00165.avi
actioncliptrain00252,a label of Eat,./data/hollywood2/test_clips/actioncliptrain00252.avi
actioncliptrain00081,a label of DriveCar,./data/hollywood2/test_clips/actioncliptrain00081.avi
actioncliptrain00072,a label of Kiss,./data/hollywood2/test_clips/actioncliptrain00072.avi
actioncliptrain00105,a label of Kiss,./data/hollywood2/test_clips/actioncliptrain00105.avi
actioncliptest00245,a label of SitUp,./data/hollywood2/test_clips/actioncliptest00245.avi
actionclipautoautotrain00190,a label of FightPerson,./data/hollywood2/test_clips/actionclipautoautotrain00190.avi
actioncliptest00290,a label of HugPerson,./data/hollywood2/test_clips/actioncliptest00290.avi
actioncliptrain00185,a label of Run,./data/hollywood2/test_clips/actioncliptrain00185.avi
actionclipautoautotrain00089,a label of DriveCar,./data/hollywood2/test_clips/actionclipautoautotrain00089.avi
actionclipautoautotrain00067,a label of DriveCar,./data/hollywood2/test_clips/actionclipautoautotrain00067.avi
actionclipautoautotrain00281,a label of HandShake,./data/hollywood2/test_clips/actionclipautoautotrain00281.avi
actionclipautoautotrain00160,a label of Eat,./data/hollywood2/test_clips/actionclipautoautotrain00160.avi
actionclipautoautotrain00008,a label of StandUp,./data/hollywood2/test_clips/actionclipautoautotrain00008.avi
actionclipautoautotrain00216,a label of SitUp,./data/hollywood2/test_clips/actionclipautoautotrain00216.avi
actionclipautoautotrain00069,a label of DriveCar,./data/hollywood2/test_clips/actionclipautoautotrain00069.avi
actionclipautoautotrain00106,a label of StandUp,./data/hollywood2/test_clips/actionclipautoautotrain00106.avi
actionclipautoautotrain00115,a label of Run,./data/hollywood2/test_clips/actionclipautoautotrain00115.avi
actioncliptest00092,a label of StandUp,./data/hollywood2/test_clips/actioncliptest00092.avi
actioncliptest00093,a label of Kiss,./data/hollywood2/test_clips/actioncliptest00093.avi
actioncliptrain00091,a label of StandUp,./data/hollywood2/test_clips/actioncliptrain00091.avi
actionclipautoautotrain00131,a label of GetOutCar,./data/hollywood2/test_clips/actionclipautoautotrain00131.avi
actioncliptrain00003,a label of GetOutCar,./data/hollywood2/test_clips/actioncliptrain00003.avi
actioncliptest00213,a label of Eat,./data/hollywood2/test_clips/actioncliptest00213.avi
actionclipautoautotrain00121,a label of Run,./data/hollywood2/test_clips/actionclipautoautotrain00121.avi
actioncliptest00071,a label of SitDown,./data/hollywood2/test_clips/actioncliptest00071.avi
actioncliptest00458,a label of Eat,./data/hollywood2/test_clips/actioncliptest00458.avi
actionclipautoautotrain00075,a label of DriveCar,./data/hollywood2/test_clips/actionclipautoautotrain00075.avi
actioncliptest00084,a label of StandUp,./data/hollywood2/test_clips/actioncliptest00084.avi
actioncliptest00078,a label of Eat,./data/hollywood2/test_clips/actioncliptest00078.avi
actionclipautoautotrain00057,a label of AnswerPhone,./data/hollywood2/test_clips/actionclipautoautotrain00057.avi
actioncliptrain00100,a label of SitDown,./data/hollywood2/test_clips/actioncliptrain00100.avi
actioncliptest00087,a label of SitDown,./data/hollywood2/test_clips/actioncliptest00087.avi
actionclipautoautotrain00002,a label of actions,./data/hollywood2/test_clips/actionclipautoautotrain00002.avi
actioncliptrain00131,a label of FightPerson,./data/hollywood2/test_clips/actioncliptrain00131.avi
actioncliptrain00182,a label of HugPerson,./data/hollywood2/test_clips/actioncliptrain00182.avi
actioncliptest00025,a label of Eat,./data/hollywood2/test_clips/actioncliptest00025.avi
actionclipautoautotrain00145,a label of Eat,./data/hollywood2/test_clips/actionclipautoautotrain00145.avi
actioncliptrain00097,a label of HugPerson,./data/hollywood2/test_clips/actioncliptrain00097.avi
actioncliptrain00134,a label of SitDown,./data/hollywood2/test_clips/actioncliptrain00134.avi
actionclipautoautotrain00091,a label of Eat,./data/hollywood2/test_clips/actionclipautoautotrain00091.avi
actionclipautoautotrain00003,a label of actions,./data/hollywood2/test_clips/actionclipautoautotrain00003.avi
actionclipautoautotrain00117,a label of Run,./data/hollywood2/test_clips/actionclipautoautotrain00117.avi
actionclipautoautotrain00012,a label of AnswerPhone,./data/hollywood2/test_clips/actionclipautoautotrain00012.avi
actioncliptrain00137,a label of FightPerson,./data/hollywood2/test_clips/actioncliptrain00137.avi
actioncliptest00064,a label of Kiss,./data/hollywood2/test_clips/actioncliptest00064.avi
actionclipautoautotrain00078,a label of Eat,./data/hollywood2/test_clips/actionclipautoautotrain00078.avi
actioncliptrain00118,a label of FightPerson,./data/hollywood2/test_clips/actioncliptrain00118.avi
actioncliptrain00038,a label of StandUp,./data/hollywood2/test_clips/actioncliptrain00038.avi
actioncliptrain00235,a label of FightPerson,./data/hollywood2/test_clips/actioncliptrain00235.avi
actioncliptest00106,a label of SitDown,./data/hollywood2/test_clips/actioncliptest00106.avi
actioncliptrain00019,a label of actions,./data/hollywood2/test_clips/actioncliptrain00019.avi
actioncliptrain00001,a label of actions,./data/hollywood2/test_clips/actioncliptrain00001.avi
actionclipautoautotrain00102,a label of StandUp,./data/hollywood2/test_clips/actionclipautoautotrain00102.avi
actioncliptrain00145,a label of HugPerson,./data/hollywood2/test_clips/actioncliptrain00145.avi
actionclipautoautotrain00174,a label of SitDown,./data/hollywood2/test_clips/actionclipautoautotrain00174.avi
actioncliptest00143,a label of AnswerPhone,./data/hollywood2/test_clips/actioncliptest00143.avi
actioncliptrain00095,a label of Run,./data/hollywood2/test_clips/actioncliptrain00095.avi
actioncliptrain00032,a label of StandUp,./data/hollywood2/test_clips/actioncliptrain00032.avi
actioncliptest00267,a label of HandShake,./data/hollywood2/test_clips/actioncliptest00267.avi
actioncliptrain00401,a label of SitUp,./data/hollywood2/test_clips/actioncliptrain00401.avi
actioncliptrain00033,a label of DriveCar,./data/hollywood2/test_clips/actioncliptrain00033.avi
actioncliptrain00021,a label of SitDown,./data/hollywood2/test_clips/actioncliptrain00021.avi
actionclipautoautotrain00083,a label of StandUp,./data/hollywood2/test_clips/actionclipautoautotrain00083.avi
actionclipautoautotrain00421,a label of SitUp,./data/hollywood2/test_clips/actionclipautoautotrain00421.avi
actioncliptrain00250,a label of GetOutCar,./data/hollywood2/test_clips/actioncliptrain00250.avi
actioncliptrain00396,a label of SitUp,./data/hollywood2/test_clips/actioncliptrain00396.avi
actioncliptest00110,a label of HugPerson,./data/hollywood2/test_clips/actioncliptest00110.avi
actionclipautoautotrain00044,a label of Kiss,./data/hollywood2/test_clips/actionclipautoautotrain00044.avi
actioncliptest00013,a label of actions,./data/hollywood2/test_clips/actioncliptest00013.avi
actioncliptest00183,a label of GetOutCar,./data/hollywood2/test_clips/actioncliptest00183.avi
actioncliptrain00024,a label of SitDown,./data/hollywood2/test_clips/actioncliptrain00024.avi
actionclipautoautotrain00158,a label of Eat,./data/hollywood2/test_clips/actionclipautoautotrain00158.avi
actioncliptrain00232,a label of SitUp,./data/hollywood2/test_clips/actioncliptrain00232.avi
actioncliptrain00016,a label of actions,./data/hollywood2/test_clips/actioncliptrain00016.avi
actionclipautoautotrain00704,a label of SitUp,./data/hollywood2/test_clips/actionclipautoautotrain00704.avi
actioncliptrain00269,a label of HandShake,./data/hollywood2/test_clips/actioncliptrain00269.avi
actioncliptest00240,a label of HandShake,./data/hollywood2/test_clips/actioncliptest00240.avi
actionclipautoautotrain00046,a label of HugPerson,./data/hollywood2/test_clips/actionclipautoautotrain00046.avi
actioncliptrain00043,a label of HugPerson,./data/hollywood2/test_clips/actioncliptrain00043.avi
actioncliptest00030,a label of HugPerson,./data/hollywood2/test_clips/actioncliptest00030.avi
actioncliptest00456,a label of Eat,./data/hollywood2/test_clips/actioncliptest00456.avi
actioncliptest00118,a label of GetOutCar,./data/hollywood2/test_clips/actioncliptest00118.avi
actioncliptrain00078,a label of Eat,./data/hollywood2/test_clips/actioncliptrain00078.avi
actioncliptest00036,a label of DriveCar,./data/hollywood2/test_clips/actioncliptest00036.avi
actioncliptrain00048,a label of StandUp,./data/hollywood2/test_clips/actioncliptrain00048.avi
actioncliptrain00041,a label of Kiss,./data/hollywood2/test_clips/actioncliptrain00041.avi
actioncliptrain00089,a label of Run,./data/hollywood2/test_clips/actioncliptrain00089.avi
actioncliptrain00380,a label of HandShake,./data/hollywood2/test_clips/actioncliptrain00380.avi
actioncliptrain00709,a label of SitUp,./data/hollywood2/test_clips/actioncliptrain00709.avi
actionclipautoautotrain00642,a label of SitUp,./data/hollywood2/test_clips/actionclipautoautotrain00642.avi
actioncliptrain00113,a label of FightPerson,./data/hollywood2/test_clips/actioncliptrain00113.avi
actionclipautoautotrain00247,a label of SitUp,./data/hollywood2/test_clips/actionclipautoautotrain00247.avi
actionclipautoautotrain00254,a label of Eat,./data/hollywood2/test_clips/actionclipautoautotrain00254.avi
actionclipautoautotrain00135,a label of AnswerPhone,./data/hollywood2/test_clips/actionclipautoautotrain00135.avi
actioncliptrain00059,a label of Eat,./data/hollywood2/test_clips/actioncliptrain00059.avi
actionclipautoautotrain00100,a label of StandUp,./data/hollywood2/test_clips/actionclipautoautotrain00100.avi
actionclipautoautotrain00050,a label of DriveCar,./data/hollywood2/test_clips/actionclipautoautotrain00050.avi
actioncliptest00212,a label of FightPerson,./data/hollywood2/test_clips/actioncliptest00212.avi
actioncliptrain00082,a label of FightPerson,./data/hollywood2/test_clips/actioncliptrain00082.avi
actioncliptrain00198,a label of AnswerPhone,./data/hollywood2/test_clips/actioncliptrain00198.avi
actioncliptest00294,a label of SitUp,./data/hollywood2/test_clips/actioncliptest00294.avi
actionclipautoautotrain00064,a label of StandUp,./data/hollywood2/test_clips/actionclipautoautotrain00064.avi
actioncliptest00048,a label of Kiss,./data/hollywood2/test_clips/actioncliptest00048.avi
actioncliptrain00191,a label of AnswerPhone,./data/hollywood2/test_clips/actioncliptrain00191.avi
actioncliptest00057,a label of DriveCar,./data/hollywood2/test_clips/actioncliptest00057.avi
actionclipautoautotrain00178,a label of SitDown,./data/hollywood2/test_clips/actionclipautoautotrain00178.avi
actionclipautoautotrain00227,a label of AnswerPhone,./data/hollywood2/test_clips/actionclipautoautotrain00227.avi
actioncliptest00096,a label of DriveCar,./data/hollywood2/test_clips/actioncliptest00096.avi
actionclipautoautotrain00083,a label of Kiss,./data/hollywood2/test_clips/actionclipautoautotrain00083.avi
actioncliptest00140,a label of Run,./data/hollywood2/test_clips/actioncliptest00140.avi
actioncliptrain00261,a label of HugPerson,./data/hollywood2/test_clips/actioncliptrain00261.avi
actioncliptest00056,a label of StandUp,./data/hollywood2/test_clips/actioncliptest00056.avi
actioncliptest00014,a label of SitUp,./data/hollywood2/test_clips/actioncliptest00014.avi
actioncliptest00072,a label of Run,./data/hollywood2/test_clips/actioncliptest00072.avi
actioncliptrain00058,a label of Kiss,./data/hollywood2/test_clips/actioncliptrain00058.avi
actioncliptrain00154,a label of SitDown,./data/hollywood2/test_clips/actioncliptrain00154.avi
actioncliptest00357,a label of SitUp,./data/hollywood2/test_clips/actioncliptest00357.avi
actionclipautoautotrain00070,a label of Run,./data/hollywood2/test_clips/actionclipautoautotrain00070.avi
actioncliptrain00067,a label of Kiss,./data/hollywood2/test_clips/actioncliptrain00067.avi
actionclipautoautotrain00005,a label of actions,./data/hollywood2/test_clips/actionclipautoautotrain00005.avi
actioncliptest00005,a label of actions,./data/hollywood2/test_clips/actioncliptest00005.avi
actioncliptrain00012,a label of actions,./data/hollywood2/test_clips/actioncliptrain00012.avi
actioncliptest00040,a label of Eat,./data/hollywood2/test_clips/actioncliptest00040.avi
actioncliptrain00073,a label of HandShake,./data/hollywood2/test_clips/actioncliptrain00073.avi
actioncliptest00025,a label of SitDown,./data/hollywood2/test_clips/actioncliptest00025.avi
actioncliptest00015,a label of actions,./data/hollywood2/test_clips/actioncliptest00015.avi
actionclipautoautotrain00082,a label of Run,./data/hollywood2/test_clips/actionclipautoautotrain00082.avi
actioncliptest00314,a label of HandShake,./data/hollywood2/test_clips/actioncliptest00314.avi
actioncliptest00031,a label of DriveCar,./data/hollywood2/test_clips/actioncliptest00031.avi
actionclipautoautotrain00004,a label of DriveCar,./data/hollywood2/test_clips/actionclipautoautotrain00004.avi
actioncliptrain00226,a label of Eat,./data/hollywood2/test_clips/actioncliptrain00226.avi
actioncliptrain00195,a label of Eat,./data/hollywood2/test_clips/actioncliptrain00195.avi
actioncliptest00428,a label of Eat,./data/hollywood2/test_clips/actioncliptest00428.avi
actioncliptrain00242,a label of HandShake,./data/hollywood2/test_clips/actioncliptrain00242.avi
actioncliptest00029,a label of Kiss,./data/hollywood2/test_clips/actioncliptest00029.avi
actioncliptrain00026,a label of FightPerson,./data/hollywood2/test_clips/actioncliptrain00026.avi
actioncliptest00234,a label of GetOutCar,./data/hollywood2/test_clips/actioncliptest00234.avi
actionclipautoautotrain00067,a label of StandUp,./data/hollywood2/test_clips/actionclipautoautotrain00067.avi
actioncliptrain00074,a label of HandShake,./data/hollywood2/test_clips/actioncliptrain00074.avi
actioncliptrain00020,a label of actions,./data/hollywood2/test_clips/actioncliptrain00020.avi
actioncliptest00656,a label of Eat,./data/hollywood2/test_clips/actioncliptest00656.avi
actioncliptrain00093,a label of DriveCar,./data/hollywood2/test_clips/actioncliptrain00093.avi
actionclipautoautotrain00098,a label of FightPerson,./data/hollywood2/test_clips/actionclipautoautotrain00098.avi
actioncliptest00342,a label of AnswerPhone,./data/hollywood2/test_clips/actioncliptest00342.avi
actioncliptest00180,a label of Run,./data/hollywood2/test_clips/actioncliptest00180.avi
actioncliptrain00088,a label of Kiss,./data/hollywood2/test_clips/actioncliptrain00088.avi
actioncliptrain00328,a label of AnswerPhone,./data/hollywood2/test_clips/actioncliptrain00328.avi
actioncliptrain00099,a label of StandUp,./data/hollywood2/test_clips/actioncliptrain00099.avi
actionclipautoautotrain00389,a label of GetOutCar,./data/hollywood2/test_clips/actionclipautoautotrain00389.avi
actioncliptrain00260,a label of HandShake,./data/hollywood2/test_clips/actioncliptrain00260.avi
actioncliptrain00077,a label of Run,./data/hollywood2/test_clips/actioncliptrain00077.avi
actioncliptest00333,a label of SitUp,./data/hollywood2/test_clips/actioncliptest00333.avi
actionclipautoautotrain00346,a label of GetOutCar,./data/hollywood2/test_clips/actionclipautoautotrain00346.avi
actionclipautoautotrain00032,a label of DriveCar,./data/hollywood2/test_clips/actionclipautoautotrain00032.avi
actionclipautoautotrain00224,a label of FightPerson,./data/hollywood2/test_clips/actionclipautoautotrain00224.avi
actionclipautoautotrain00077,a label of HandShake,./data/hollywood2/test_clips/actionclipautoautotrain00077.avi
actioncliptrain00052,a label of StandUp,./data/hollywood2/test_clips/actioncliptrain00052.avi
actioncliptest00007,a label of Eat,./data/hollywood2/test_clips/actioncliptest00007.avi
actioncliptrain00055,a label of HugPerson,./data/hollywood2/test_clips/actioncliptrain00055.avi
actioncliptest00132,a label of AnswerPhone,./data/hollywood2/test_clips/actioncliptest00132.avi
actionclipautoautotrain00063,a label of AnswerPhone,./data/hollywood2/test_clips/actionclipautoautotrain00063.avi
actioncliptrain00194,a label of Eat,./data/hollywood2/test_clips/actioncliptrain00194.avi
actionclipautoautotrain00031,a label of Run,./data/hollywood2/test_clips/actionclipautoautotrain00031.avi
actionclipautoautotrain00001,a label of SitUp,./data/hollywood2/test_clips/actionclipautoautotrain00001.avi
actioncliptest00066,a label of FightPerson,./data/hollywood2/test_clips/actioncliptest00066.avi
actioncliptrain00335,a label of GetOutCar,./data/hollywood2/test_clips/actioncliptrain00335.avi
actioncliptest00076,a label of SitDown,./data/hollywood2/test_clips/actioncliptest00076.avi
actionclipautoautotrain00102,a label of Run,./data/hollywood2/test_clips/actionclipautoautotrain00102.avi
actionclipautoautotrain00454,a label of HandShake,./data/hollywood2/test_clips/actionclipautoautotrain00454.avi
actioncliptest00139,a label of DriveCar,./data/hollywood2/test_clips/actioncliptest00139.avi
actionclipautoautotrain00026,a label of StandUp,./data/hollywood2/test_clips/actionclipautoautotrain00026.avi
actionclipautoautotrain00310,a label of GetOutCar,./data/hollywood2/test_clips/actionclipautoautotrain00310.avi
actioncliptest00197,a label of Run,./data/hollywood2/test_clips/actioncliptest00197.avi
actioncliptrain00062,a label of DriveCar,./data/hollywood2/test_clips/actioncliptrain00062.avi
actionclipautoautotrain00615,a label of FightPerson,./data/hollywood2/test_clips/actionclipautoautotrain00615.avi
actioncliptest00332,a label of HugPerson,./data/hollywood2/test_clips/actioncliptest00332.avi
actionclipautoautotrain00397,a label of HandShake,./data/hollywood2/test_clips/actionclipautoautotrain00397.avi
actionclipautoautotrain00093,a label of Run,./data/hollywood2/test_clips/actionclipautoautotrain00093.avi
actioncliptrain00379,a label of HandShake,./data/hollywood2/test_clips/actioncliptrain00379.avi
actioncliptest00045,a label of SitDown,./data/hollywood2/test_clips/actioncliptest00045.avi
actioncliptrain00120,a label of GetOutCar,./data/hollywood2/test_clips/actioncliptrain00120.avi
actionclipautoautotrain00526,a label of SitUp,./data/hollywood2/test_clips/actionclipautoautotrain00526.avi
actionclipautoautotrain00043,a label of Kiss,./data/hollywood2/test_clips/actionclipautoautotrain00043.avi
actionclipautoautotrain00041,a label of Kiss,./data/hollywood2/test_clips/actionclipautoautotrain00041.avi
actionclipautoautotrain00260,a label of FightPerson,./data/hollywood2/test_clips/actionclipautoautotrain00260.avi
actionclipautoautotrain00006,a label of actions,./data/hollywood2/test_clips/actionclipautoautotrain00006.avi
actioncliptrain00106,a label of Run,./data/hollywood2/test_clips/actioncliptrain00106.avi
actioncliptest00116,a label of StandUp,./data/hollywood2/test_clips/actioncliptest00116.avi
actioncliptrain00044,a label of SitDown,./data/hollywood2/test_clips/actioncliptrain00044.avi
actioncliptest00049,a label of SitDown,./data/hollywood2/test_clips/actioncliptest00049.avi
actionclipautoautotrain00507,a label of SitUp,./data/hollywood2/test_clips/actionclipautoautotrain00507.avi
actionclipautoautotrain00059,a label of DriveCar,./data/hollywood2/test_clips/actionclipautoautotrain00059.avi
actionclipautoautotrain00390,a label of HugPerson,./data/hollywood2/test_clips/actionclipautoautotrain00390.avi
actioncliptest00173,a label of AnswerPhone,./data/hollywood2/test_clips/actioncliptest00173.avi
actioncliptrain00055,a label of Kiss,./data/hollywood2/test_clips/actioncliptrain00055.avi
actionclipautoautotrain00259,a label of GetOutCar,./data/hollywood2/test_clips/actionclipautoautotrain00259.avi
actionclipautoautotrain00402,a label of FightPerson,./data/hollywood2/test_clips/actionclipautoautotrain00402.avi
actioncliptest00061,a label of StandUp,./data/hollywood2/test_clips/actioncliptest00061.avi
actioncliptrain00329,a label of AnswerPhone,./data/hollywood2/test_clips/actioncliptrain00329.avi
actioncliptrain00406,a label of SitUp,./data/hollywood2/test_clips/actioncliptrain00406.avi
actionclipautoautotrain00074,a label of SitDown,./data/hollywood2/test_clips/actionclipautoautotrain00074.avi
actioncliptrain00080,a label of Run,./data/hollywood2/test_clips/actioncliptrain00080.avi
actionclipautoautotrain00033,a label of DriveCar,./data/hollywood2/test_clips/actionclipautoautotrain00033.avi
actioncliptest00633,a label of Eat,./data/hollywood2/test_clips/actioncliptest00633.avi
actioncliptest00010,a label of actions,./data/hollywood2/test_clips/actioncliptest00010.avi
actioncliptest00019,a label of actions,./data/hollywood2/test_clips/actioncliptest00019.avi
actioncliptest00083,a label of AnswerPhone,./data/hollywood2/test_clips/actioncliptest00083.avi
actionclipautoautotrain00051,a label of Run,./data/hollywood2/test_clips/actionclipautoautotrain00051.avi
actioncliptest00037,a label of Kiss,./data/hollywood2/test_clips/actioncliptest00037.avi
actioncliptrain00310,a label of GetOutCar,./data/hollywood2/test_clips/actioncliptrain00310.avi
actioncliptrain00332,a label of GetOutCar,./data/hollywood2/test_clips/actioncliptrain00332.avi
actionclipautoautotrain00380,a label of GetOutCar,./data/hollywood2/test_clips/actionclipautoautotrain00380.avi
actioncliptest00038,a label of FightPerson,./data/hollywood2/test_clips/actioncliptest00038.avi
actioncliptest00085,a label of StandUp,./data/hollywood2/test_clips/actioncliptest00085.avi
actioncliptest00053,a label of Kiss,./data/hollywood2/test_clips/actioncliptest00053.avi
actioncliptrain00008,a label of actions,./data/hollywood2/test_clips/actioncliptrain00008.avi
actioncliptest00134,a label of GetOutCar,./data/hollywood2/test_clips/actioncliptest00134.avi
actionclipautoautotrain00154,a label of SitUp,./data/hollywood2/test_clips/actionclipautoautotrain00154.avi
actionclipautoautotrain00139,a label of HugPerson,./data/hollywood2/test_clips/actionclipautoautotrain00139.avi
actioncliptrain00096,a label of StandUp,./data/hollywood2/test_clips/actioncliptrain00096.avi
actioncliptest00079,a label of StandUp,./data/hollywood2/test_clips/actioncliptest00079.avi
actionclipautoautotrain00663,a label of SitUp,./data/hollywood2/test_clips/actionclipautoautotrain00663.avi
actioncliptrain00197,a label of Run,./data/hollywood2/test_clips/actioncliptrain00197.avi
actionclipautoautotrain00137,a label of SitDown,./data/hollywood2/test_clips/actionclipautoautotrain00137.avi
actionclipautoautotrain00302,a label of AnswerPhone,./data/hollywood2/test_clips/actionclipautoautotrain00302.avi
actioncliptest00107,a label of DriveCar,./data/hollywood2/test_clips/actioncliptest00107.avi
actioncliptrain00208,a label of AnswerPhone,./data/hollywood2/test_clips/actioncliptrain00208.avi
actionclipautoautotrain00076,a label of AnswerPhone,./data/hollywood2/test_clips/actionclipautoautotrain00076.avi
actionclipautoautotrain00118,a label of GetOutCar,./data/hollywood2/test_clips/actionclipautoautotrain00118.avi
actioncliptest00086,a label of Run,./data/hollywood2/test_clips/actioncliptest00086.avi
actioncliptest00346,a label of HugPerson,./data/hollywood2/test_clips/actioncliptest00346.avi
actionclipautoautotrain00140,a label of SitDown,./data/hollywood2/test_clips/actionclipautoautotrain00140.avi
actioncliptrain00192,a label of Eat,./data/hollywood2/test_clips/actioncliptrain00192.avi
actioncliptest00324,a label of HugPerson,./data/hollywood2/test_clips/actioncliptest00324.avi
actioncliptrain00066,a label of HandShake,./data/hollywood2/test_clips/actioncliptrain00066.avi
actioncliptrain00152,a label of SitDown,./data/hollywood2/test_clips/actioncliptrain00152.avi
actioncliptest00012,a label of FightPerson,./data/hollywood2/test_clips/actioncliptest00012.avi
actionclipautoautotrain00027,a label of Eat,./data/hollywood2/test_clips/actionclipautoautotrain00027.avi
actioncliptrain00083,a label of DriveCar,./data/hollywood2/test_clips/actioncliptrain00083.avi
actionclipautoautotrain00185,a label of SitDown,./data/hollywood2/test_clips/actionclipautoautotrain00185.avi
actioncliptrain00236,a label of FightPerson,./data/hollywood2/test_clips/actioncliptrain00236.avi
actioncliptrain00088,a label of StandUp,./data/hollywood2/test_clips/actioncliptrain00088.avi
actioncliptest00356,a label of AnswerPhone,./data/hollywood2/test_clips/actioncliptest00356.avi
actioncliptrain00015,a label of actions,./data/hollywood2/test_clips/actioncliptrain00015.avi
actioncliptest00200,a label of HugPerson,./data/hollywood2/test_clips/actioncliptest00200.avi
actionclipautoautotrain00080,a label of AnswerPhone,./data/hollywood2/test_clips/actionclipautoautotrain00080.avi
actionclipautoautotrain00618,a label of FightPerson,./data/hollywood2/test_clips/actionclipautoautotrain00618.avi
actioncliptest00224,a label of FightPerson,./data/hollywood2/test_clips/actioncliptest00224.avi
actioncliptrain00027,a label of DriveCar,./data/hollywood2/test_clips/actioncliptrain00027.avi
actioncliptest00239,a label of AnswerPhone,./data/hollywood2/test_clips/actioncliptest00239.avi
actioncliptest00104,a label of SitDown,./data/hollywood2/test_clips/actioncliptest00104.avi
actioncliptest00209,a label of SitUp,./data/hollywood2/test_clips/actioncliptest00209.avi
actioncliptrain00125,a label of SitDown,./data/hollywood2/test_clips/actioncliptrain00125.avi
actionclipautoautotrain00099,a label of Run,./data/hollywood2/test_clips/actionclipautoautotrain00099.avi
actioncliptrain00104,a label of StandUp,./data/hollywood2/test_clips/actioncliptrain00104.avi
actioncliptest00001,a label of Kiss,./data/hollywood2/test_clips/actioncliptest00001.avi
actioncliptest00015,a label of Kiss,./data/hollywood2/test_clips/actioncliptest00015.avi
actioncliptrain00001,a label of SitUp,./data/hollywood2/test_clips/actioncliptrain00001.avi
actioncliptest00192,a label of Eat,./data/hollywood2/test_clips/actioncliptest00192.avi
actionclipautoautotrain00291,a label of GetOutCar,./data/hollywood2/test_clips/actionclipautoautotrain00291.avi
actioncliptest00011,a label of actions,./data/hollywood2/test_clips/actioncliptest00011.avi
actioncliptrain00148,a label of HandShake,./data/hollywood2/test_clips/actioncliptrain00148.avi
actionclipautoautotrain00049,a label of SitDown,./data/hollywood2/test_clips/actionclipautoautotrain00049.avi
actioncliptrain00073,a label of StandUp,./data/hollywood2/test_clips/actioncliptrain00073.avi
actioncliptrain00035,a label of SitUp,./data/hollywood2/test_clips/actioncliptrain00035.avi
actioncliptrain00079,a label of DriveCar,./data/hollywood2/test_clips/actioncliptrain00079.avi
actionclipautoautotrain00015,a label of GetOutCar,./data/hollywood2/test_clips/actionclipautoautotrain00015.avi
actioncliptest00079,a label of Run,./data/hollywood2/test_clips/actioncliptest00079.avi
actioncliptest00236,a label of HandShake,./data/hollywood2/test_clips/actioncliptest00236.avi
actioncliptrain00159,a label of SitDown,./data/hollywood2/test_clips/actioncliptrain00159.avi
actioncliptrain00030,a label of DriveCar,./data/hollywood2/test_clips/actioncliptrain00030.avi
actionclipautoautotrain00062,a label of Kiss,./data/hollywood2/test_clips/actionclipautoautotrain00062.avi
actioncliptrain00229,a label of GetOutCar,./data/hollywood2/test_clips/actioncliptrain00229.avi
actionclipautoautotrain00279,a label of Eat,./data/hollywood2/test_clips/actionclipautoautotrain00279.avi
actioncliptrain00097,a label of Kiss,./data/hollywood2/test_clips/actioncliptrain00097.avi
actioncliptest00124,a label of StandUp,./data/hollywood2/test_clips/actioncliptest00124.avi
actionclipautoautotrain00365,a label of Eat,./data/hollywood2/test_clips/actionclipautoautotrain00365.avi
actionclipautoautotrain00398,a label of HandShake,./data/hollywood2/test_clips/actionclipautoautotrain00398.avi
actionclipautoautotrain00109,a label of StandUp,./data/hollywood2/test_clips/actionclipautoautotrain00109.avi
actioncliptrain00155,a label of SitDown,./data/hollywood2/test_clips/actioncliptrain00155.avi
actioncliptest00145,a label of Eat,./data/hollywood2/test_clips/actioncliptest00145.avi
actionclipautoautotrain00019,a label of Run,./data/hollywood2/test_clips/actionclipautoautotrain00019.avi
actionclipautoautotrain00261,a label of FightPerson,./data/hollywood2/test_clips/actionclipautoautotrain00261.avi
actioncliptest00023,a label of GetOutCar,./data/hollywood2/test_clips/actioncliptest00023.avi
actionclipautoautotrain00161,a label of HugPerson,./data/hollywood2/test_clips/actionclipautoautotrain00161.avi
actioncliptrain00119,a label of DriveCar,./data/hollywood2/test_clips/actioncliptrain00119.avi
actioncliptest00059,a label of SitDown,./data/hollywood2/test_clips/actioncliptest00059.avi
actionclipautoautotrain00008,a label of actions,./data/hollywood2/test_clips/actionclipautoautotrain00008.avi
actioncliptest00322,a label of HugPerson,./data/hollywood2/test_clips/actioncliptest00322.avi
actioncliptest00147,a label of GetOutCar,./data/hollywood2/test_clips/actioncliptest00147.avi
actionclipautoautotrain00059,a label of Run,./data/hollywood2/test_clips/actionclipautoautotrain00059.avi
actioncliptest00117,a label of GetOutCar,./data/hollywood2/test_clips/actioncliptest00117.avi
actioncliptrain00261,a label of HandShake,./data/hollywood2/test_clips/actioncliptrain00261.avi
actioncliptest00126,a label of DriveCar,./data/hollywood2/test_clips/actioncliptest00126.avi
actioncliptrain00172,a label of FightPerson,./data/hollywood2/test_clips/actioncliptrain00172.avi
actioncliptest00156,a label of GetOutCar,./data/hollywood2/test_clips/actioncliptest00156.avi
actionclipautoautotrain00111,a label of StandUp,./data/hollywood2/test_clips/actionclipautoautotrain00111.avi
actionclipautoautotrain00007,a label of actions,./data/hollywood2/test_clips/actionclipautoautotrain00007.avi
actioncliptrain00505,a label of SitUp,./data/hollywood2/test_clips/actioncliptrain00505.avi
actionclipautoautotrain00163,a label of AnswerPhone,./data/hollywood2/test_clips/actionclipautoautotrain00163.avi
actionclipautoautotrain00369,a label of HandShake,./data/hollywood2/test_clips/actionclipautoautotrain00369.avi
actioncliptrain00355,a label of Eat,./data/hollywood2/test_clips/actioncliptrain00355.avi
actioncliptest00017,a label of HandShake,./data/hollywood2/test_clips/actioncliptest00017.avi
actionclipautoautotrain00134,a label of FightPerson,./data/hollywood2/test_clips/actionclipautoautotrain00134.avi
actioncliptest00157,a label of Run,./data/hollywood2/test_clips/actioncliptest00157.avi
actioncliptrain00065,a label of AnswerPhone,./data/hollywood2/test_clips/actioncliptrain00065.avi
actioncliptest00058,a label of GetOutCar,./data/hollywood2/test_clips/actioncliptest00058.avi
actionclipautoautotrain00258,a label of GetOutCar,./data/hollywood2/test_clips/actionclipautoautotrain00258.avi
actioncliptest00100,a label of DriveCar,./data/hollywood2/test_clips/actioncliptest00100.avi
actionclipautoautotrain00042,a label of Run,./data/hollywood2/test_clips/actionclipautoautotrain00042.avi
actionclipautoautotrain00450,a label of Eat,./data/hollywood2/test_clips/actionclipautoautotrain00450.avi
actionclipautoautotrain00220,a label of FightPerson,./data/hollywood2/test_clips/actionclipautoautotrain00220.avi
actionclipautoautotrain00319,a label of GetOutCar,./data/hollywood2/test_clips/actionclipautoautotrain00319.avi
actioncliptest00014,a label of actions,./data/hollywood2/test_clips/actioncliptest00014.avi
actioncliptrain00284,a label of GetOutCar,./data/hollywood2/test_clips/actioncliptrain00284.avi
actioncliptrain00132,a label of Run,./data/hollywood2/test_clips/actioncliptrain00132.avi
actioncliptest00125,a label of Kiss,./data/hollywood2/test_clips/actioncliptest00125.avi
actionclipautoautotrain00020,a label of SitUp,./data/hollywood2/test_clips/actionclipautoautotrain00020.avi
actioncliptest00251,a label of FightPerson,./data/hollywood2/test_clips/actioncliptest00251.avi
actioncliptest00099,a label of DriveCar,./data/hollywood2/test_clips/actioncliptest00099.avi
actioncliptest00286,a label of FightPerson,./data/hollywood2/test_clips/actioncliptest00286.avi
actioncliptest00044,a label of Kiss,./data/hollywood2/test_clips/actioncliptest00044.avi
actioncliptrain00047,a label of Kiss,./data/hollywood2/test_clips/actioncliptrain00047.avi
actioncliptrain00135,a label of Eat,./data/hollywood2/test_clips/actioncliptrain00135.avi
actionclipautoautotrain00014,a label of DriveCar,./data/hollywood2/test_clips/actionclipautoautotrain00014.avi
actioncliptest00018,a label of DriveCar,./data/hollywood2/test_clips/actioncliptest00018.avi
actionclipautoautotrain00073,a label of DriveCar,./data/hollywood2/test_clips/actionclipautoautotrain00073.avi
actionclipautoautotrain00024,a label of Kiss,./data/hollywood2/test_clips/actionclipautoautotrain00024.avi
actionclipautoautotrain00001,a label of actions,./data/hollywood2/test_clips/actionclipautoautotrain00001.avi
actionclipautoautotrain00094,a label of DriveCar,./data/hollywood2/test_clips/actionclipautoautotrain00094.avi
actioncliptrain00268,a label of HandShake,./data/hollywood2/test_clips/actioncliptrain00268.avi
actionclipautoautotrain00065,a label of Kiss,./data/hollywood2/test_clips/actionclipautoautotrain00065.avi
actioncliptrain00116,a label of Run,./data/hollywood2/test_clips/actioncliptrain00116.avi
actioncliptest00190,a label of Eat,./data/hollywood2/test_clips/actioncliptest00190.avi
actionclipautoautotrain00010,a label of DriveCar,./data/hollywood2/test_clips/actionclipautoautotrain00010.avi
actioncliptest00035,a label of Run,./data/hollywood2/test_clips/actioncliptest00035.avi
actioncliptest00073,a label of GetOutCar,./data/hollywood2/test_clips/actioncliptest00073.avi
actionclipautoautotrain00262,a label of FightPerson,./data/hollywood2/test_clips/actionclipautoautotrain00262.avi
actioncliptrain00265,a label of Eat,./data/hollywood2/test_clips/actioncliptrain00265.avi
actionclipautoautotrain00105,a label of Run,./data/hollywood2/test_clips/actionclipautoautotrain00105.avi
actioncliptrain00174,a label of HugPerson,./data/hollywood2/test_clips/actioncliptrain00174.avi
actioncliptrain00142,a label of Eat,./data/hollywood2/test_clips/actioncliptrain00142.avi
actionclipautoautotrain00337,a label of FightPerson,./data/hollywood2/test_clips/actionclipautoautotrain00337.avi
actionclipautoautotrain00007,a label of StandUp,./data/hollywood2/test_clips/actionclipautoautotrain00007.avi
actionclipautoautotrain00275,a label of HandShake,./data/hollywood2/test_clips/actionclipautoautotrain00275.avi
actioncliptrain00381,a label of HandShake,./data/hollywood2/test_clips/actioncliptrain00381.avi
actioncliptrain00259,a label of HugPerson,./data/hollywood2/test_clips/actioncliptrain00259.avi
actionclipautoautotrain00003,a label of DriveCar,./data/hollywood2/test_clips/actionclipautoautotrain00003.avi
actionclipautoautotrain00029,a label of StandUp,./data/hollywood2/test_clips/actionclipautoautotrain00029.avi
actionclipautoautotrain00010,a label of actions,./data/hollywood2/test_clips/actionclipautoautotrain00010.avi
actioncliptrain00064,a label of StandUp,./data/hollywood2/test_clips/actioncliptrain00064.avi
actioncliptrain00133,a label of FightPerson,./data/hollywood2/test_clips/actioncliptrain00133.avi
actioncliptrain00037,a label of SitUp,./data/hollywood2/test_clips/actioncliptrain00037.avi
actionclipautoautotrain00039,a label of StandUp,./data/hollywood2/test_clips/actionclipautoautotrain00039.avi
actioncliptrain00014,a label of actions,./data/hollywood2/test_clips/actioncliptrain00014.avi
actioncliptest00021,a label of DriveCar,./data/hollywood2/test_clips/actioncliptest00021.avi
actioncliptrain00012,a label of Kiss,./data/hollywood2/test_clips/actioncliptrain00012.avi
actionclipautoautotrain00038,a label of SitUp,./data/hollywood2/test_clips/actionclipautoautotrain00038.avi
actioncliptest00341,a label of AnswerPhone,./data/hollywood2/test_clips/actioncliptest00341.avi
actioncliptrain00196,a label of FightPerson,./data/hollywood2/test_clips/actioncliptrain00196.avi
actioncliptrain00277,a label of Eat,./data/hollywood2/test_clips/actioncliptrain00277.avi
actionclipautoautotrain00146,a label of HandShake,./data/hollywood2/test_clips/actionclipautoautotrain00146.avi
actioncliptrain00113,a label of Run,./data/hollywood2/test_clips/actioncliptrain00113.avi
actioncliptest00001,a label of actions,./data/hollywood2/test_clips/actioncliptest00001.avi
actioncliptrain00122,a label of HugPerson,./data/hollywood2/test_clips/actioncliptrain00122.avi
actionclipautoautotrain00388,a label of GetOutCar,./data/hollywood2/test_clips/actionclipautoautotrain00388.avi
actioncliptrain00017,a label of actions,./data/hollywood2/test_clips/actioncliptrain00017.avi
actionclipautoautotrain00409,a label of HugPerson,./data/hollywood2/test_clips/actionclipautoautotrain00409.avi
actioncliptest00137,a label of StandUp,./data/hollywood2/test_clips/actioncliptest00137.avi
actioncliptest00080,a label of Kiss,./data/hollywood2/test_clips/actioncliptest00080.avi
actionclipautoautotrain00072,a label of Kiss,./data/hollywood2/test_clips/actionclipautoautotrain00072.avi
actioncliptrain00248,a label of GetOutCar,./data/hollywood2/test_clips/actioncliptrain00248.avi
actioncliptrain00301,a label of GetOutCar,./data/hollywood2/test_clips/actioncliptrain00301.avi
actioncliptrain00004,a label of Eat,./data/hollywood2/test_clips/actioncliptrain00004.avi
actionclipautoautotrain00173,a label of SitDown,./data/hollywood2/test_clips/actionclipautoautotrain00173.avi
actioncliptrain00090,a label of FightPerson,./data/hollywood2/test_clips/actioncliptrain00090.avi
actionclipautoautotrain00270,a label of HandShake,./data/hollywood2/test_clips/actionclipautoautotrain00270.avi
actionclipautoautotrain00153,a label of GetOutCar,./data/hollywood2/test_clips/actionclipautoautotrain00153.avi
actioncliptest00108,a label of GetOutCar,./data/hollywood2/test_clips/actioncliptest00108.avi
actioncliptrain00013,a label of SitUp,./data/hollywood2/test_clips/actioncliptrain00013.avi
actioncliptest00170,a label of GetOutCar,./data/hollywood2/test_clips/actioncliptest00170.avi
actioncliptest00009,a label of SitUp,./data/hollywood2/test_clips/actioncliptest00009.avi
actioncliptest00033,a label of SitUp,./data/hollywood2/test_clips/actioncliptest00033.avi
actionclipautoautotrain00249,a label of AnswerPhone,./data/hollywood2/test_clips/actionclipautoautotrain00249.avi
actioncliptrain00061,a label of SitDown,./data/hollywood2/test_clips/actioncliptrain00061.avi
actioncliptrain00009,a label of AnswerPhone,./data/hollywood2/test_clips/actioncliptrain00009.avi
actionclipautoautotrain00028,a label of FightPerson,./data/hollywood2/test_clips/actionclipautoautotrain00028.avi
actionclipautoautotrain00166,a label of HandShake,./data/hollywood2/test_clips/actionclipautoautotrain00166.avi
actioncliptrain00003,a label of actions,./data/hollywood2/test_clips/actioncliptrain00003.avi
actionclipautoautotrain00086,a label of Run,./data/hollywood2/test_clips/actionclipautoautotrain00086.avi
actioncliptrain00199,a label of Run,./data/hollywood2/test_clips/actioncliptrain00199.avi
actioncliptest00278,a label of AnswerPhone,./data/hollywood2/test_clips/actioncliptest00278.avi
actioncliptest00020,a label of actions,./data/hollywood2/test_clips/actioncliptest00020.avi
actionclipautoautotrain00034,a label of GetOutCar,./data/hollywood2/test_clips/actionclipautoautotrain00034.avi
actioncliptrain00134,a label of Eat,./data/hollywood2/test_clips/actioncliptrain00134.avi
actioncliptest00089,a label of DriveCar,./data/hollywood2/test_clips/actioncliptest00089.avi
actionclipautoautotrain00181,a label of SitDown,./data/hollywood2/test_clips/actionclipautoautotrain00181.avi
actionclipautoautotrain00052,a label of DriveCar,./data/hollywood2/test_clips/actionclipautoautotrain00052.avi
actioncliptest00112,a label of HugPerson,./data/hollywood2/test_clips/actioncliptest00112.avi
actioncliptest00113,a label of HandShake,./data/hollywood2/test_clips/actioncliptest00113.avi
actionclipautoautotrain00566,a label of FightPerson,./data/hollywood2/test_clips/actionclipautoautotrain00566.avi
actioncliptest00114,a label of HandShake,./data/hollywood2/test_clips/actioncliptest00114.avi
actionclipautoautotrain00112,a label of SitDown,./data/hollywood2/test_clips/actionclipautoautotrain00112.avi
actioncliptrain00023,a label of SitDown,./data/hollywood2/test_clips/actioncliptrain00023.avi
actioncliptrain00088,a label of SitUp,./data/hollywood2/test_clips/actioncliptrain00088.avi
actioncliptrain00002,a label of actions,./data/hollywood2/test_clips/actioncliptrain00002.avi
actionclipautoautotrain00138,a label of AnswerPhone,./data/hollywood2/test_clips/actionclipautoautotrain00138.avi
actioncliptest00360,a label of AnswerPhone,./data/hollywood2/test_clips/actioncliptest00360.avi
actioncliptrain00258,a label of HugPerson,./data/hollywood2/test_clips/actioncliptrain00258.avi
actionclipautoautotrain00274,a label of HandShake,./data/hollywood2/test_clips/actionclipautoautotrain00274.avi
actioncliptrain00270,a label of HugPerson,./data/hollywood2/test_clips/actioncliptrain00270.avi
actioncliptest00054,a label of Kiss,./data/hollywood2/test_clips/actioncliptest00054.avi
actioncliptest00123,a label of FightPerson,./data/hollywood2/test_clips/actioncliptest00123.avi
actioncliptrain00150,a label of SitDown,./data/hollywood2/test_clips/actioncliptrain00150.avi
actioncliptest00313,a label of HandShake,./data/hollywood2/test_clips/actioncliptest00313.avi
actioncliptrain00115,a label of SitUp,./data/hollywood2/test_clips/actioncliptrain00115.avi
actionclipautoautotrain00017,a label of Kiss,./data/hollywood2/test_clips/actionclipautoautotrain00017.avi
actionclipautoautotrain00071,a label of StandUp,./data/hollywood2/test_clips/actionclipautoautotrain00071.avi
actioncliptest00004,a label of actions,./data/hollywood2/test_clips/actioncliptest00004.avi
actioncliptest00077,a label of SitDown,./data/hollywood2/test_clips/actioncliptest00077.avi
actionclipautoautotrain00391,a label of HugPerson,./data/hollywood2/test_clips/actionclipautoautotrain00391.avi
actionclipautoautotrain00015,a label of actions,./data/hollywood2/test_clips/actionclipautoautotrain00015.avi
actioncliptest00101,a label of StandUp,./data/hollywood2/test_clips/actioncliptest00101.avi
actioncliptrain00201,a label of FightPerson,./data/hollywood2/test_clips/actioncliptrain00201.avi
actionclipautoautotrain00066,a label of Kiss,./data/hollywood2/test_clips/actionclipautoautotrain00066.avi
actioncliptest00050,a label of Kiss,./data/hollywood2/test_clips/actioncliptest00050.avi
actioncliptrain00109,a label of Run,./data/hollywood2/test_clips/actioncliptrain00109.avi
actioncliptest00238,a label of GetOutCar,./data/hollywood2/test_clips/actioncliptest00238.avi
actioncliptest00007,a label of actions,./data/hollywood2/test_clips/actioncliptest00007.avi
actioncliptrain00151,a label of SitDown,./data/hollywood2/test_clips/actioncliptrain00151.avi
actioncliptest00340,a label of HandShake,./data/hollywood2/test_clips/actioncliptest00340.avi
actioncliptest00122,a label of FightPerson,./data/hollywood2/test_clips/actioncliptest00122.avi
actioncliptest00097,a label of GetOutCar,./data/hollywood2/test_clips/actioncliptest00097.avi
actioncliptest00039,a label of StandUp,./data/hollywood2/test_clips/actioncliptest00039.avi
actionclipautoautotrain00208,a label of HandShake,./data/hollywood2/test_clips/actionclipautoautotrain00208.avi
actioncliptest00003,a label of actions,./data/hollywood2/test_clips/actioncliptest00003.avi
actioncliptrain00157,a label of SitDown,./data/hollywood2/test_clips/actioncliptrain00157.avi
actioncliptest00008,a label of SitDown,./data/hollywood2/test_clips/actioncliptest00008.avi
actionclipautoautotrain00176,a label of SitDown,./data/hollywood2/test_clips/actionclipautoautotrain00176.avi
actioncliptrain00267,a label of HandShake,./data/hollywood2/test_clips/actioncliptrain00267.avi
actioncliptrain00118,a label of StandUp,./data/hollywood2/test_clips/actioncliptrain00118.avi
actioncliptrain00040,a label of Kiss,./data/hollywood2/test_clips/actioncliptrain00040.avi
actioncliptest00011,a label of SitUp,./data/hollywood2/test_clips/actioncliptest00011.avi
actionclipautoautotrain00013,a label of actions,./data/hollywood2/test_clips/actionclipautoautotrain00013.avi
actioncliptest00161,a label of AnswerPhone,./data/hollywood2/test_clips/actioncliptest00161.avi
actioncliptrain00005,a label of StandUp,./data/hollywood2/test_clips/actioncliptrain00005.avi
actionclipautoautotrain00171,a label of SitDown,./data/hollywood2/test_clips/actionclipautoautotrain00171.avi
actionclipautoautotrain00231,a label of AnswerPhone,./data/hollywood2/test_clips/actionclipautoautotrain00231.avi
actioncliptest00024,a label of DriveCar,./data/hollywood2/test_clips/actioncliptest00024.avi
actioncliptrain00110,a label of Kiss,./data/hollywood2/test_clips/actioncliptrain00110.avi
actioncliptrain00669,a label of SitUp,./data/hollywood2/test_clips/actioncliptrain00669.avi
actioncliptest00163,a label of Run,./data/hollywood2/test_clips/actioncliptest00163.avi
actionclipautoautotrain00088,a label of Run,./data/hollywood2/test_clips/actionclipautoautotrain00088.avi
actioncliptrain00149,a label of Run,./data/hollywood2/test_clips/actioncliptrain00149.avi
actionclipautoautotrain00035,a label of DriveCar,./data/hollywood2/test_clips/actionclipautoautotrain00035.avi
actionclipautoautotrain00019,a label of actions,./data/hollywood2/test_clips/actionclipautoautotrain00019.avi
actionclipautoautotrain00090,a label of AnswerPhone,./data/hollywood2/test_clips/actionclipautoautotrain00090.avi
actioncliptrain00125,a label of FightPerson,./data/hollywood2/test_clips/actioncliptrain00125.avi
actionclipautoautotrain00025,a label of Eat,./data/hollywood2/test_clips/actionclipautoautotrain00025.avi
actioncliptrain00107,a label of FightPerson,./data/hollywood2/test_clips/actioncliptrain00107.avi
actioncliptrain00102,a label of StandUp,./data/hollywood2/test_clips/actioncliptrain00102.avi
actionclipautoautotrain00157,a label of Eat,./data/hollywood2/test_clips/actionclipautoautotrain00157.avi
actioncliptrain00070,a label of AnswerPhone,./data/hollywood2/test_clips/actioncliptrain00070.avi
actioncliptrain00028,a label of SitUp,./data/hollywood2/test_clips/actioncliptrain00028.avi
actioncliptest00017,a label of actions,./data/hollywood2/test_clips/actioncliptest00017.avi
actioncliptrain00639,a label of SitUp,./data/hollywood2/test_clips/actioncliptrain00639.avi
actioncliptest00125,a label of HugPerson,./data/hollywood2/test_clips/actioncliptest00125.avi
actioncliptrain00029,a label of Run,./data/hollywood2/test_clips/actioncliptrain00029.avi
actioncliptest00094,a label of Kiss,./data/hollywood2/test_clips/actioncliptest00094.avi
actionclipautoautotrain00280,a label of Eat,./data/hollywood2/test_clips/actionclipautoautotrain00280.avi
actioncliptest00159,a label of Eat,./data/hollywood2/test_clips/actioncliptest00159.avi
actionclipautoautotrain00100,a label of Kiss,./data/hollywood2/test_clips/actionclipautoautotrain00100.avi
actioncliptest00038,a label of Run,./data/hollywood2/test_clips/actioncliptest00038.avi
actioncliptrain00234,a label of FightPerson,./data/hollywood2/test_clips/actioncliptrain00234.avi
actioncliptrain00146,a label of AnswerPhone,./data/hollywood2/test_clips/actioncliptrain00146.avi
actioncliptrain00011,a label of Kiss,./data/hollywood2/test_clips/actioncliptrain00011.avi
actionclipautoautotrain00020,a label of actions,./data/hollywood2/test_clips/actionclipautoautotrain00020.avi
actioncliptest00022,a label of HugPerson,./data/hollywood2/test_clips/actioncliptest00022.avi
actioncliptest00233,a label of GetOutCar,./data/hollywood2/test_clips/actioncliptest00233.avi
actionclipautoautotrain00113,a label of StandUp,./data/hollywood2/test_clips/actionclipautoautotrain00113.avi
actionclipautoautotrain00002,a label of SitUp,./data/hollywood2/test_clips/actionclipautoautotrain00002.avi
actioncliptrain00004,a label of actions,./data/hollywood2/test_clips/actioncliptrain00004.avi
actionclipautoautotrain00107,a label of Kiss,./data/hollywood2/test_clips/actionclipautoautotrain00107.avi
actionclipautoautotrain00618,a label of HugPerson,./data/hollywood2/test_clips/actionclipautoautotrain00618.avi
actionclipautoautotrain00219,a label of FightPerson,./data/hollywood2/test_clips/actionclipautoautotrain00219.avi
actioncliptest00228,a label of GetOutCar,./data/hollywood2/test_clips/actioncliptest00228.avi
actioncliptrain00646,a label of SitUp,./data/hollywood2/test_clips/actioncliptrain00646.avi
actioncliptest00209,a label of FightPerson,./data/hollywood2/test_clips/actioncliptest00209.avi
actioncliptest00006,a label of actions,./data/hollywood2/test_clips/actioncliptest00006.avi
actionclipautoautotrain00021,a label of DriveCar,./data/hollywood2/test_clips/actionclipautoautotrain00021.avi
actioncliptrain00006,a label of actions,./data/hollywood2/test_clips/actioncliptrain00006.avi
actionclipautoautotrain00048,a label of StandUp,./data/hollywood2/test_clips/actionclipautoautotrain00048.avi
actioncliptest00046,a label of Kiss,./data/hollywood2/test_clips/actioncliptest00046.avi
actioncliptrain00053,a label of Kiss,./data/hollywood2/test_clips/actioncliptrain00053.avi
actionclipautoautotrain00617,a label of HugPerson,./data/hollywood2/test_clips/actionclipautoautotrain00617.avi
actioncliptest00041,a label of Run,./data/hollywood2/test_clips/actioncliptest00041.avi
actioncliptest00178,a label of StandUp,./data/hollywood2/test_clips/actioncliptest00178.avi
actionclipautoautotrain00631,a label of HugPerson,./data/hollywood2/test_clips/actionclipautoautotrain00631.avi
actioncliptrain00049,a label of StandUp,./data/hollywood2/test_clips/actioncliptrain00049.avi
actionclipautoautotrain00101,a label of HugPerson,./data/hollywood2/test_clips/actionclipautoautotrain00101.avi
actioncliptest00062,a label of Kiss,./data/hollywood2/test_clips/actioncliptest00062.avi
actioncliptest00217,a label of Eat,./data/hollywood2/test_clips/actioncliptest00217.avi
actioncliptrain00230,a label of HugPerson,./data/hollywood2/test_clips/actioncliptrain00230.avi
actionclipautoautotrain00115,a label of HandShake,./data/hollywood2/test_clips/actionclipautoautotrain00115.avi
actionclipautoautotrain00030,a label of SitUp,./data/hollywood2/test_clips/actionclipautoautotrain00030.avi
actioncliptrain00204,a label of AnswerPhone,./data/hollywood2/test_clips/actioncliptrain00204.avi
actioncliptrain00251,a label of HugPerson,./data/hollywood2/test_clips/actioncliptrain00251.avi
actioncliptrain00046,a label of Kiss,./data/hollywood2/test_clips/actioncliptrain00046.avi
actioncliptest00189,a label of Run,./data/hollywood2/test_clips/actioncliptest00189.avi
actionclipautoautotrain00013,a label of AnswerPhone,./data/hollywood2/test_clips/actionclipautoautotrain00013.avi
actioncliptest00052,a label of SitDown,./data/hollywood2/test_clips/actioncliptest00052.avi
actioncliptest00050,a label of SitDown,./data/hollywood2/test_clips/actioncliptest00050.avi
actioncliptest00105,a label of StandUp,./data/hollywood2/test_clips/actioncliptest00105.avi
actioncliptest00016,a label of StandUp,./data/hollywood2/test_clips/actioncliptest00016.avi
actioncliptest00195,a label of SitUp,./data/hollywood2/test_clips/actioncliptest00195.avi
actioncliptest00091,a label of GetOutCar,./data/hollywood2/test_clips/actioncliptest00091.avi
actioncliptrain00278,a label of Eat,./data/hollywood2/test_clips/actioncliptrain00278.avi
actioncliptest00127,a label of AnswerPhone,./data/hollywood2/test_clips/actioncliptest00127.avi
actioncliptrain00266,a label of HandShake,./data/hollywood2/test_clips/actioncliptrain00266.avi
actioncliptest00019,a label of HandShake,./data/hollywood2/test_clips/actioncliptest00019.avi
actioncliptest00048,a label of StandUp,./data/hollywood2/test_clips/actioncliptest00048.avi
actionclipautoautotrain00004,a label of actions,./data/hollywood2/test_clips/actionclipautoautotrain00004.avi
actionclipautoautotrain00016,a label of actions,./data/hollywood2/test_clips/actionclipautoautotrain00016.avi
actioncliptrain00016,a label of SitUp,./data/hollywood2/test_clips/actioncliptrain00016.avi
actionclipautoautotrain00009,a label of actions,./data/hollywood2/test_clips/actionclipautoautotrain00009.avi
actionclipautoautotrain00061,a label of Kiss,./data/hollywood2/test_clips/actionclipautoautotrain00061.avi
actioncliptest00398,a label of HandShake,./data/hollywood2/test_clips/actioncliptest00398.avi
actioncliptest00133,a label of DriveCar,./data/hollywood2/test_clips/actioncliptest00133.avi
actionclipautoautotrain00269,a label of GetOutCar,./data/hollywood2/test_clips/actionclipautoautotrain00269.avi
actioncliptest00090,a label of DriveCar,./data/hollywood2/test_clips/actioncliptest00090.avi
actionclipautoautotrain00298,a label of FightPerson,./data/hollywood2/test_clips/actionclipautoautotrain00298.avi
actioncliptest00081,a label of FightPerson,./data/hollywood2/test_clips/actioncliptest00081.avi
actioncliptest00152,a label of FightPerson,./data/hollywood2/test_clips/actioncliptest00152.avi
actionclipautoautotrain00214,a label of Eat,./data/hollywood2/test_clips/actionclipautoautotrain00214.avi
actioncliptest00136,a label of SitUp,./data/hollywood2/test_clips/actioncliptest00136.avi
actioncliptest00070,a label of StandUp,./data/hollywood2/test_clips/actioncliptest00070.avi
actioncliptrain00108,a label of HugPerson,./data/hollywood2/test_clips/actioncliptrain00108.avi
actionclipautoautotrain00245,a label of AnswerPhone,./data/hollywood2/test_clips/actionclipautoautotrain00245.avi
actioncliptest00151,a label of FightPerson,./data/hollywood2/test_clips/actioncliptest00151.avi
actioncliptest00177,a label of Kiss,./data/hollywood2/test_clips/actioncliptest00177.avi
actionclipautoautotrain00425,a label of HugPerson,./data/hollywood2/test_clips/actionclipautoautotrain00425.avi
actioncliptest00074,a label of HandShake,./data/hollywood2/test_clips/actioncliptest00074.avi
actioncliptrain00013,a label of actions,./data/hollywood2/test_clips/actioncliptrain00013.avi
actionclipautoautotrain00005,a label of GetOutCar,./data/hollywood2/test_clips/actionclipautoautotrain00005.avi
actioncliptrain00160,a label of SitDown,./data/hollywood2/test_clips/actioncliptrain00160.avi
actioncliptest00129,a label of DriveCar,./data/hollywood2/test_clips/actioncliptest00129.avi
actionclipautoautotrain00011,a label of GetOutCar,./data/hollywood2/test_clips/actionclipautoautotrain00011.avi
actioncliptest00002,a label of actions,./data/hollywood2/test_clips/actioncliptest00002.avi
actioncliptest00047,a label of SitDown,./data/hollywood2/test_clips/actioncliptest00047.avi
actioncliptrain00359,a label of HandShake,./data/hollywood2/test_clips/actioncliptrain00359.avi
actioncliptrain00228,a label of GetOutCar,./data/hollywood2/test_clips/actioncliptrain00228.avi
actioncliptest00005,a label of StandUp,./data/hollywood2/test_clips/actioncliptest00005.avi
actionclipautoautotrain00379,a label of HugPerson,./data/hollywood2/test_clips/actionclipautoautotrain00379.avi
actionclipautoautotrain00400,a label of HandShake,./data/hollywood2/test_clips/actionclipautoautotrain00400.avi
actioncliptrain00103,a label of StandUp,./data/hollywood2/test_clips/actioncliptrain00103.avi
actionclipautoautotrain00212,a label of AnswerPhone,./data/hollywood2/test_clips/actionclipautoautotrain00212.avi
actioncliptrain00333,a label of AnswerPhone,./data/hollywood2/test_clips/actioncliptrain00333.avi
actioncliptrain00241,a label of GetOutCar,./data/hollywood2/test_clips/actioncliptrain00241.avi
actioncliptest00358,a label of AnswerPhone,./data/hollywood2/test_clips/actioncliptest00358.avi
actioncliptrain00140,a label of DriveCar,./data/hollywood2/test_clips/actioncliptrain00140.avi
actioncliptrain00009,a label of actions,./data/hollywood2/test_clips/actioncliptrain00009.avi
actioncliptest00094,a label of HugPerson,./data/hollywood2/test_clips/actioncliptest00094.avi
actioncliptrain00010,a label of DriveCar,./data/hollywood2/test_clips/actioncliptrain00010.avi
actioncliptest00088,a label of Run,./data/hollywood2/test_clips/actioncliptest00088.avi
actioncliptest00008,a label of actions,./data/hollywood2/test_clips/actioncliptest00008.avi
actioncliptest00330,a label of HugPerson,./data/hollywood2/test_clips/actioncliptest00330.avi
actioncliptest00051,a label of SitUp,./data/hollywood2/test_clips/actioncliptest00051.avi
actioncliptrain00063,a label of Eat,./data/hollywood2/test_clips/actioncliptrain00063.avi
actioncliptest00325,a label of SitUp,./data/hollywood2/test_clips/actioncliptest00325.avi
actioncliptrain00084,a label of GetOutCar,./data/hollywood2/test_clips/actioncliptrain00084.avi
actionclipautoautotrain00395,a label of HandShake,./data/hollywood2/test_clips/actionclipautoautotrain00395.avi
actioncliptest00276,a label of HugPerson,./data/hollywood2/test_clips/actioncliptest00276.avi
actioncliptest00135,a label of AnswerPhone,./data/hollywood2/test_clips/actioncliptest00135.avi
actioncliptrain00007,a label of actions,./data/hollywood2/test_clips/actioncliptrain00007.avi
actionclipautoautotrain00023,a label of Kiss,./data/hollywood2/test_clips/actionclipautoautotrain00023.avi
actioncliptrain00047,a label of HugPerson,./data/hollywood2/test_clips/actioncliptrain00047.avi
actioncliptrain00141,a label of Eat,./data/hollywood2/test_clips/actioncliptrain00141.avi
actioncliptrain00169,a label of HandShake,./data/hollywood2/test_clips/actioncliptrain00169.avi
actioncliptrain00015,a label of SitUp,./data/hollywood2/test_clips/actioncliptrain00015.avi
actioncliptest00396,a label of HandShake,./data/hollywood2/test_clips/actioncliptest00396.avi
actionclipautoautotrain00085,a label of HandShake,./data/hollywood2/test_clips/actionclipautoautotrain00085.avi
actioncliptest00027,a label of HugPerson,./data/hollywood2/test_clips/actioncliptest00027.avi
actioncliptest00065,a label of Run,./data/hollywood2/test_clips/actioncliptest00065.avi
actioncliptest00148,a label of AnswerPhone,./data/hollywood2/test_clips/actioncliptest00148.avi
actionclipautoautotrain00217,a label of Eat,./data/hollywood2/test_clips/actionclipautoautotrain00217.avi
actionclipautoautotrain00054,a label of AnswerPhone,./data/hollywood2/test_clips/actionclipautoautotrain00054.avi
actioncliptrain00101,a label of HandShake,./data/hollywood2/test_clips/actioncliptrain00101.avi
actioncliptest00625,a label of Eat,./data/hollywood2/test_clips/actioncliptest00625.avi
actioncliptest00068,a label of StandUp,./data/hollywood2/test_clips/actioncliptest00068.avi
actioncliptrain00127,a label of HugPerson,./data/hollywood2/test_clips/actioncliptrain00127.avi
actionclipautoautotrain00044,a label of DriveCar,./data/hollywood2/test_clips/actionclipautoautotrain00044.avi
actionclipautoautotrain00187,a label of HandShake,./data/hollywood2/test_clips/actionclipautoautotrain00187.avi
actioncliptrain00292,a label of GetOutCar,./data/hollywood2/test_clips/actioncliptrain00292.avi
actioncliptest00315,a label of SitUp,./data/hollywood2/test_clips/actioncliptest00315.avi
actionclipautoautotrain00037,a label of Kiss,./data/hollywood2/test_clips/actionclipautoautotrain00037.avi
actioncliptest00175,a label of SitUp,./data/hollywood2/test_clips/actioncliptest00175.avi
actioncliptest00120,a label of Run,./data/hollywood2/test_clips/actioncliptest00120.avi
actioncliptest00067,a label of SitDown,./data/hollywood2/test_clips/actioncliptest00067.avi
actioncliptrain00050,a label of AnswerPhone,./data/hollywood2/test_clips/actioncliptrain00050.avi
actioncliptrain00060,a label of DriveCar,./data/hollywood2/test_clips/actioncliptrain00060.avi
actioncliptrain00290,a label of AnswerPhone,./data/hollywood2/test_clips/actioncliptrain00290.avi
actioncliptest00138,a label of StandUp,./data/hollywood2/test_clips/actioncliptest00138.avi
actionclipautoautotrain00396,a label of HandShake,./data/hollywood2/test_clips/actionclipautoautotrain00396.avi
actioncliptrain00092,a label of DriveCar,./data/hollywood2/test_clips/actioncliptrain00092.avi
actioncliptest00009,a label of actions,./data/hollywood2/test_clips/actioncliptest00009.avi
actioncliptrain00007,a label of DriveCar,./data/hollywood2/test_clips/actioncliptrain00007.avi
actioncliptrain00008,a label of GetOutCar,./data/hollywood2/test_clips/actioncliptrain00008.avi
actioncliptest00060,a label of SitDown,./data/hollywood2/test_clips/actioncliptest00060.avi
actionclipautoautotrain00060,a label of StandUp,./data/hollywood2/test_clips/actionclipautoautotrain00060.avi
actioncliptest00109,a label of HugPerson,./data/hollywood2/test_clips/actioncliptest00109.avi
actionclipautoautotrain00018,a label of actions,./data/hollywood2/test_clips/actionclipautoautotrain00018.avi
actionclipautoautotrain00164,a label of AnswerPhone,./data/hollywood2/test_clips/actionclipautoautotrain00164.avi
actioncliptrain00123,a label of Run,./data/hollywood2/test_clips/actioncliptrain00123.avi
actioncliptrain00189,a label of GetOutCar,./data/hollywood2/test_clips/actioncliptrain00189.avi
actioncliptrain00057,a label of HugPerson,./data/hollywood2/test_clips/actioncliptrain00057.avi
actioncliptrain00051,a label of SitDown,./data/hollywood2/test_clips/actioncliptrain00051.avi
actionclipautoautotrain00120,a label of Run,./data/hollywood2/test_clips/actionclipautoautotrain00120.avi
actioncliptest00198,a label of SitUp,./data/hollywood2/test_clips/actioncliptest00198.avi
actioncliptrain00022,a label of StandUp,./data/hollywood2/test_clips/actioncliptrain00022.avi
actioncliptest00115,a label of Kiss,./data/hollywood2/test_clips/actioncliptest00115.avi
